{
  "epoch": [
    1,
    2,
    3,
    4,
    5,
    6,
    7,
    8,
    9,
    10,
    11,
    12,
    13,
    14,
    15,
    16,
    17,
    18,
    19,
    20,
    21,
    22,
    23,
    24,
    25,
    26,
    27,
    28,
    29,
    30,
    31,
    32,
    33,
    34
  ],
  "lr": [
    0.001,
    0.000208,
    0.000406,
    0.000604,
    0.000802,
    0.001,
    0.0009997557473810372,
    0.0009990232305719946,
    0.0009978031724785247,
    0.0009960967771506667,
    0.0009939057285945933,
    0.0009912321891107012,
    0.0009880787971596802,
    0.0009844486647586726,
    0.000980345374410087,
    0.0009757729755661012,
    0.0009707359806323418,
    0.0009652393605146846,
    0.0009592885397135708,
    0.0009528893909706799,
    0.0009460482294732424,
    0.0009387718066217127,
    0.0009310673033669524,
    0.0009229423231234977,
    0.0009144048842659084,
    0.0009054634122155993,
    0.0008961267311259671,
    0.000886404055174016,
    0.0008763049794670778,
    0.000865839470573599,
    0.0008550178566873413,
    0.0008438508174347012,
    0.000832349373335208,
    0.0008205248749256018
  ],
  "train_loss_total": [
    5.080756901741028,
    2.7711510343551637,
    2.4070342299938203,
    2.0563664116859437,
    1.703336876988411,
    1.349675987932831,
    0.995253428440541,
    0.7072236708016135,
    0.5882902709711343,
    0.543084125675261,
    0.38616014264523985,
    0.1718678633440286,
    0.32331160630472006,
    0.32090126687614245,
    0.05813382415194064,
    0.32189557492733,
    0.25035815476626155,
    0.4514318907484412,
    0.18022655064519494,
    0.014906274347566069,
    0.1465293966419995,
    0.5786042107716203,
    0.6341930779367685,
    0.2662822521459311,
    0.20687887950986625,
    0.3646471149493009,
    0.8919727295543999,
    0.43659072602912785,
    0.43424777580983936,
    0.8023837657310069,
    0.7671622049668804,
    1.0641561154667287,
    1.1397007553931326,
    1.16454032766819
  ],
  "train_loss_multi": [
    4.572786427259445,
    2.410840616941452,
    2.0384357093572616,
    1.6646774926781653,
    1.3113339480757713,
    0.9585303713083267,
    0.603869797706604,
    0.3281627439260483,
    0.21008316922187806,
    0.16903364765644074,
    0.014496190309524535,
    -0.1930642532110214,
    -0.03915728801488876,
    -0.04512440419197083,
    -0.3075020646452904,
    -0.037508304476737975,
    -0.10954118156433106,
    0.09284238940477371,
    -0.18133143270015717,
    -0.3347338429689407,
    -0.20576917958259583,
    0.22620658135414123,
    0.2772243148684502,
    -0.0846177806854248,
    -0.1419335342645645,
    0.01902249348163605,
    0.5409788950681687,
    0.09525841212272644,
    0.08940725207328797,
    0.4580530791282654,
    0.42391009962558746,
    0.7196246221065521,
    0.8042056485414505,
    0.8210402773618698
  ],
  "train_loss_linear": [
    5.1142555222511294,
    3.4522939491271973,
    3.2945092272758485,
    3.1885922884941102,
    3.1216009349823,
    3.052107806682587,
    2.976389111042023,
    2.9023038163185118,
    2.8602488548755645,
    2.8259475779533387,
    2.7696143918037412,
    2.7158856115341186,
    2.719945102930069,
    2.6919968886375427,
    2.6471485023498533,
    2.6486041522026063,
    2.6337462646961214,
    2.6420929861068725,
    2.602200393438339,
    2.582043880701065,
    2.5652337861061096,
    2.5857128360271453,
    2.58229594540596,
    2.540820648431778,
    2.503930391073227,
    2.5173218228816987,
    2.528128688097,
    2.505536628961563,
    2.4854279408454896,
    2.486734538078308,
    2.4875785365104677,
    2.479920868873596,
    2.4728982982635497,
    2.459643282175064
  ],
  "train_loss_x": [
    2.094531492471695,
    1.4794810614585876,
    1.4192221138477326,
    1.3765772736072541,
    1.342266907453537,
    1.3178203473091126,
    1.294829777240753,
    1.2688861336708068,
    1.2553006398677826,
    1.2400433282852172,
    1.22741053044796,
    1.2078482872247696,
    1.2130851012468338,
    1.2032022473812103,
    1.194219365119934,
    1.1927371460199356,
    1.1883598126173018,
    1.180649427652359,
    1.1789484454393386,
    1.171009037733078,
    1.164966711640358,
    1.1685875197649003,
    1.165069030880928,
    1.156810104370117,
    1.1409085696935655,
    1.1486283110380173,
    1.1462375708818435,
    1.1474876784086228,
    1.1327067258358001,
    1.1304661347866058,
    1.1412334513664246,
    1.13641160261631,
    1.1309897269010545,
    1.1301703209877014
  ],
  "train_loss_tau": [
    0.2885655329078436,
    0.14832515043765307,
    0.13587496251612902,
    0.1314934582337737,
    0.12248415395617485,
    0.11585625282675027,
    0.10960962598770857,
    0.10158303739130498,
    0.09942254455015063,
    0.09276823583245278,
    0.08740033302269876,
    0.08541740085929632,
    0.08311857707798481,
    0.07837019078433513,
    0.07441566410847009,
    0.07277725686691701,
    0.07365691179968417,
    0.07327827873732895,
    0.06853666782192885,
    0.06800840502046049,
    0.06413677509035916,
    0.06540202542766929,
    0.06562132680602371,
    0.06263264627195894,
    0.061690220534801485,
    0.05967161175701767,
    0.061283013135194776,
    0.060677201798185705,
    0.05831545996107161,
    0.05787362917792052,
    0.05678230147249997,
    0.056059647800400854,
    0.054207971622236076,
    0.05438960901228711
  ],
  "train_loss_s": [
    0.34884356125071647,
    0.20341110469400883,
    0.18861015198379755,
    0.17739512991160156,
    0.1824368751803413,
    0.18239548188913612,
    0.1641708443085663,
    0.1531153859902406,
    0.14878231800626962,
    0.15380940416664818,
    0.1446733680739999,
    0.1265856476407498,
    0.13473010926376447,
    0.13683018379058923,
    0.1214804921145551,
    0.13370169106905813,
    0.12781138517847285,
    0.13473075416416397,
    0.12402701824880205,
    0.112544031910802,
    0.12023192732734606,
    0.13197060848964612,
    0.13057585085497703,
    0.11480852221595705,
    0.1101248510798905,
    0.1126727360864752,
    0.1276868542993325,
    0.10856410828810477,
    0.10661165901166532,
    0.11467907924400789,
    0.10972157311921,
    0.1144084594124397,
    0.11430152681248,
    0.11087043730309233
  ],
  "train_loss_ytx": [
    1.213326287150383,
    0.8317831358909606,
    0.7950350556373597,
    0.773877069234848,
    0.7626857933998108,
    0.7459012286663056,
    0.7329966332912445,
    0.7223112621307373,
    0.7074636287689209,
    0.702062705039978,
    0.6900696083903313,
    0.6815161103010178,
    0.6779500759243965,
    0.6722954065203667,
    0.6664496653676033,
    0.6621537961959839,
    0.6580407013893127,
    0.6635675234794617,
    0.6535331306457519,
    0.6538077572584152,
    0.6488781972527504,
    0.6480109233260155,
    0.6493831460475922,
    0.6417462596297264,
    0.6342303496003151,
    0.6355762532353402,
    0.6365664358139038,
    0.6320174165964126,
    0.6342553907036781,
    0.6294108855724335,
    0.6285650343894958,
    0.6255522021651267,
    0.6248094447851181,
    0.6206828230023385
  ],
  "train_loss_yrx": [
    1.1024059056043625,
    0.7533362568616867,
    0.7199202803373337,
    0.6934681775569915,
    0.6755680537819863,
    0.6547114168405532,
    0.6395875428915023,
    0.6222502881884575,
    0.6148792234063148,
    0.6025061598420143,
    0.5873754451274872,
    0.5813638017773628,
    0.5781088873744011,
    0.5695447482466698,
    0.5581855374574661,
    0.5552443085312844,
    0.5541461561918258,
    0.5580456666350365,
    0.5467751902341843,
    0.5448237612247467,
    0.5359987761378289,
    0.5403470931053161,
    0.539818388402462,
    0.5339711730480194,
    0.5261991910338402,
    0.5292580537199975,
    0.526138101041317,
    0.5262859251499176,
    0.5229932040572166,
    0.5229175324440003,
    0.5202497984766961,
    0.5176087484359742,
    0.5176697129011154,
    0.5134453583359718
  ],